"PLAYER_ID","PLAYER_NAME","TEAM_NAME","TOTAL_XG","GOALS","SHOT_COUNT","XG_PER_SHOT"
"am70epdl0361z5af8ahskcdsl","N. Kant√©","Chelsea",1.253215233284672509,1,25,0.05012860933138690036
"a28kr2vgqtucg82768v067a39","D. Gayle","Newcastle United",9.986544953522994155,6,57,0.1752025430442630553508771929824561403509
"ebj88k2kxp7r1x6lmrqacuaj9","M. Lanzini","West Ham United",3.176016998611268255,5,43,0.073860860432820191976744186046511627907
"ubuow4ad6azso5zz51b4tivp","C. Benteke","Crystal Palace",7.408995809727267856,2,58,0.1277413070642632388965517241379310344828
"3k6znit6fd9mbfcnphlwyvj6d","P. Gro√ü","Brighton & Hove Albion",3.470957073063133352,6,43,0.0807199319317007756279069767441860465116
"e6jaaazxqeczj6ziaj0qnqpxx","R. Loftus-Cheek","Crystal Palace",2.808930515680948744,2,32,0.08777907861502964825
"a1czet39d90m8p82dhwzc6ket","Y. Cabaye","Crystal Palace",2.94565494512588377,0,38,0.0775172353980495728947368421052631578947
"94aaeni055fwrbnnpr1vqi2tx","M. Lowton","Burnley",0.121445584093620086,0,4,0.0303613960234050215
"b486fhu2s7pyi92yk1iczglp1","T. Kongolo","Huddersfield Town",0.2973394676531637,0,2,0.14866973382658185
"2ylw573o2rkvuczi9nm5t7hed","R. van La Parra","Huddersfield Town",2.887016502720708193,2,42,0.0687384881600168617380952380952380952381
"50tnoldrs0u2s1ca9irkrtdjp","S. Malone","Huddersfield Town",0.439803094505992376,0,8,0.054975386813249047
"33ba9gzkz30b5m4049ze1rw7p","J. Cork","Burnley",2.472568828001854941,2,15,0.1648379218667903294
"e9l5r0txzrjbenli05rn3k4wl","R. Sterling","Manchester City",15.041965506822754201,17,86,0.1749065756607297000116279069767441860465
"b9g4qurpll4wizajo95c406hh","H. Kane","Tottenham Hotspur",21.790420755376098912,28,181,0.1203890649468292757569060773480662983425
"48hur5fmszaqltysykkb4js2d","D. Alli","Tottenham Hotspur",8.977797421734554452,9,69,0.1301130061120949920579710144927536231884
"eh3ku8tdaax6p4g65ttvgqk7p","W. Routledge","Swansea City",0.72197125517817105,0,5,0.14439425103563421
"34f7qo18vadmtj5qq0w3x5xat","A. Townsend","Crystal Palace",4.354230740312268378,2,62,0.0702295280695527157741935483870967741935
"836552oibqphv3wkfk7hv1i39","M. Diouf","Stoke City",6.567419286964360308,6,59,0.1113121913044806831864406779661016949153
"elkryb3hodglr6wu0rh4uoslx","S. Berahino","Stoke City",1.181216888861626309,0,9,0.1312463209846251454444444444444444444444
"blczo3w34ik1wuu9r042gfvf9","J. Rodriguez","West Bromwich Albion",7.547547024802990233,6,68,0.1109933386000439740147058823529411764706
"fvuj5umkjxxb1btu6004xjh1","Jo√£o M√°rio","West Ham United",1.782255698519070478,2,16,0.111390981157441904875
"8c1r97aweyfc0woefvlfy2l05","Lucas Moura","Tottenham Hotspur",0.26126537789244263,0,5,0.052253075578488526
"djqagc8dcwm3kvsikrrirkzpx","J. Hern√°ndez","West Ham United",4.049625875659191685,8,29,0.1396422715744548856896551724137931034483
"6rb3x2jazm744c753mujymf9x","J. Allen","Stoke City",2.465471239698770869,2,24,0.1027279683207821195416666666666666666667
"6wpnjdlg2p8f19y3gjpz1su6t","Kiko Femen√≠a","Watford",0.489039792652288044,1,9,0.054337754739143116
"35jaxclh329duzefna708jk5x","J. Tarkowski","Burnley",1.164792082766520228,0,18,0.0647106712648066793333333333333333333333
"e998bmgwbevrcvojifp8n9tjp","L. Koscielny","Arsenal",2.211024378868940667,2,9,0.2456693754298822963333333333333333333333
"bb0zj4rt5l4vjtdzghhj3n7it","Ki Sung-Yeung","Swansea City",1.135912367088322068,2,20,0.0567956183544161034
"av7e2wk5ub7qnh3sqcvssvh79","S. Cook","AFC Bournemouth",1.591079720771161397,2,22,0.0723218054895982453181818181818181818182
"8jtgnwat07bjub57femcqjmxh","J. King","AFC Bournemouth",5.756580933433894568,6,49,0.1174812435394672360816326530612244897959
"968tkl9pf7jvluzu4v9ed91hx","L. Fer","Swansea City",1.744727107525737969,1,12,0.14539392562714483075
"5f72vvw62zdlyrj3mwux2udat","J. Lingard","Manchester United",7.217180557735512912,8,56,0.1288782242452770162857142857142857142857
"9qdm0nxg1g046olii48z3crf9","K. Zouma","Stoke City",1.512330423980542692,1,20,0.0756165211990271346
"9i7lb16qty1t21bnc5h7skclx","Marcos Alonso","Chelsea",4.219582011060322209,7,65,0.0649166463240049570615384615384615384615
"1dtqtpia68f64f7bqlmiyps5x","M. James","Leicester City",1.575499667762541171,0,11,0.1432272425238673791818181818181818181818
"as2c77rim078iieiqfr6u9h3p","C. Atsu","Newcastle United",4.069495260021454524,2,35,0.1162712931434701292571428571428571428571
"4450s1rbzq3zph38pkejlc4wl","C. Brunt","West Bromwich Albion",2.121514271408449116,0,25,0.08486057085633796464
"oel537m4mtjwwnyusz6efj6d","M. Batshuayi","Chelsea",1.137063304266867977,2,13,0.0874664080205283059230769230769230769231
"f2ylgke3glk7nb6bqxmgx8st1","N. Dyer","Swansea City",1.050575394785528388,0,10,0.1050575394785528388
"9y1qntr9sn5shpry2e7ewp39x","Sandro Ram√≠rez","Everton",0.876186661608817643,0,9,0.0973540735120908492222222222222222222222
"6cdcb3idbv5cul2kxv8gw5zv9","J. Morrison","West Bromwich Albion",0.537950477560269956,1,4,0.134487619390067489
"ezkzz0hfih8gq05vfvnt2kvyt","C. L√∂we","Huddersfield Town",0.370693700201889543,0,8,0.046336712525236192875
"a3w1uczgmswm3cwk4vmvoglhx","Alberto Moreno","Liverpool",0.716496915409266492,0,12,0.059708076284105541
"d5prwmauk8xhhmpkempqydr6d","K. Palmer","Huddersfield Town",0.122138629667264145,0,2,0.0610693148336320725
"8qygcyuy5pzes2xjjoxycpzo5","E. Schelotto","Brighton & Hove Albion",0.377325846280976798,0,6,0.0628876410468294663333333333333333333333
"1n26t7p3u5vcotyw0sy8tem6t","Bruno Saltor","Brighton & Hove Albion",0.095204815179874197,0,2,0.0476024075899370985
"19z8jmren3eytg7fbuzqv73kl","T. Alexander-Arnold","Liverpool",1.061271583779727401,1,12,0.08843929864831061675
"dxeju5zcb6j8etdgwq0kweor9","R. Barkley","Chelsea",0.774958319106144195,0,2,0.3874791595530720975
"f3c5u3v9fehl16ztid18lbl5h","H. Saivet","Newcastle United",0.040447763755769091,1,1,0.040447763755769091
"4njl5iqybub0cxbhjh2xbft9l","M. Holgate","Everton",0.617933160359198992,0,6,0.1029888600598664986666666666666666666667
"7y6f63pj7horkzhdzbge02rqh","C. Hudson-Odoi","Chelsea",0.126650843529156044,0,2,0.063325421764578022
"1rz6bw398na1i3t29rop7ikt1","J. Ward","Crystal Palace",0.320940844095747883,0,5,0.0641881688191495766
"9twvo5p1ge4zfgy5hcu0nsvdh","A. Oxlade-Chamberlain","Arsenal",0.41231181398436609,0,9,0.0458124237760406766666666666666666666667
"eczc8ttdfagqliov10cuqeuol","Y. Tour√©","Manchester City",0.296530602938915386,0,5,0.0593061205877830772
"e9wu8dcamrtj3ftbx3nmhusid","K. Walker","Manchester City",0.637042330153035764,0,13,0.0490032561656181356923076923076923076923
"cpd8prwzxf0rzevtk33fpryt","T. Davies","Everton",1.835683577143137992,2,21,0.0874135036734827615238095238095238095238
"awda32rw2clw0sjemf7rkcel1","C. Eriksen","Tottenham Hotspur",7.272885334985159933,10,97,0.0749781993297439168350515463917525773196
"8lst9t1pyjhibrxh7xxl3wn9x","M. Ritchie","Newcastle United",3.728752653761999986,3,59,0.0631991975213898302711864406779661016949
"66r7rq9kcoyow46ovmhzrtec5","C. Wilson","AFC Bournemouth",7.234167606128115318,8,53,0.1364937284175116097735849056603773584906
"f54pd3cld0qkc8ol15bk9ye39","F. Fern√°ndez","Swansea City",0.660491883589242371,1,8,0.082561485448655296375
"57qslvt6x1gbjth2zsy47je1h","P. Jagielka","Everton",0.424428582805006733,0,7,0.0606326546864295332857142857142857142857
"a4qjllaut1bo0ng3x4xu5lq6t","A. Ayew","Swansea City",1.913360656455243836,0,13,0.1471815889580956796923076923076923076923
"dxze3b3fsfl814bjcs7q6wcet","V. van Dijk","Liverpool",1.180931470987819805,0,16,0.0738082169367387378125
"20wvh9al53baedfzbzykpvkyd","S. Rond√≥n","West Bromwich Albion",7.579153819913813805,7,79,0.0959386559482761241139240506329113924051
"e40eqhxzzid2chfyxph37tuxh","Ander Herrera","Manchester United",0.635758487321085584,0,12,0.0529798739434237986666666666666666666667
"f482w50k80zbyb2ykh84yijf9","P. Pogba","Manchester United",8.198489456797839398,6,76,0.1078748612736557815526315789473684210526
"2o9fqapnt5ixaydwbk9gjtolx","W. Rooney","Everton",4.009949134246914238,7,39,0.1028192085704336984102564102564102564103
"c2jqa9vozhqu7x79h5rr2n1ed","K. De Bruyne","Manchester City",5.926633466755165008,8,94,0.063049292199523032
"7sr1pnf0p9xmgu7xx6bbd4w5x","J. Gu√∞munds¬≠son","Burnley",4.22445062922819022,2,54,0.0782305672079294485185185185185185185185
"5o0h8eeydl8t92qp3ywekqh1x","A. Ramsey","Arsenal",6.130183684022060466,7,56,0.1094675657861082226071428571428571428571
"edvzxn33awfs9co0lvwf6giqd","M. Bauer","Stoke City",0.19989642132186574,0,3,0.0666321404406219133333333333333333333333
"7s1q4rd90gi1gwbko34fuvhlh","X. Shaqiri","Stoke City",4.344958128297447702,8,68,0.0638964430631977603235294117647058823529
"f2o156jeg6h8pac599kkcqqj9","A. Surman","AFC Bournemouth",1.154418972437671843,2,18,0.0641343873576484357222222222222222222222
"cjdycctu96jilvbvnl7ndh9sl","C. Wood","Burnley",6.341752019639633776,10,39,0.1626090261446059942564102564102564102564
"8qgbxff7xlg0zjtyees7ljljp","R. Lukaku","Manchester United",12.015498530507285655,16,85,0.1413588062412621841764705882352941176471
"3u3nhne8cjkoekaom1kqch4gl","J. Ibe","AFC Bournemouth",3.4808814965709397,2,54,0.0644607684550174018518518518518518518519
"a1oyrdwf1kyutqivxk753mzmd","J. McArthur","Crystal Palace",4.723477002073731103,5,30,0.1574492334024577034333333333333333333333
"9k1ytj3z42ggp14vkn39hiymt","Pedro Obiang","West Ham United",0.676460433971303016,2,13,0.0520354179977925396923076923076923076923
"ddqw1wuljbuxfy7dqctje9z9x","G. Bong","Brighton & Hove Albion",0.161847491498204068,0,4,0.040461872874551017
"5awkzgwwh48prwgvxwewuc5hx","O. Giroud","Arsenal",3.046142265584141459,4,18,0.1692301258657856366111111111111111111111
"f34582vxl4yv5qqudl09a7umt","A. Lallana","Liverpool",1.308516842830836267,0,11,0.1189560766209851151818181818181818181818
"4n782p6eaok71ai7ecj1jo1jp","D. Gray","Leicester City",2.847325304068633488,3,36,0.0790923695574620413333333333333333333333
"40lfowf92x7x27rcd6u0d3ahh","B. Sako","Crystal Palace",2.62565230356636587,3,17,0.1544501355039038747058823529411764705882
"e5mjphb52suw89189nyca72z9","E. Choupo-Moting","Stoke City",6.832139992815365518,5,60,0.1138689998802560919666666666666666666667
"bmk0efhzrno1sgr3g8yijoa8l","A. Ogbonna","West Ham United",0.74653283816030919,1,8,0.09331660477003864875
"29dp5gmu5xbd04mozwxq5tjh1","J. Gomez","Liverpool",0.346017120374310268,0,5,0.0692034240748620536
"2kbj1c3ne6hz7tollme7p7glx","L. Narsingh","Swansea City",0.742416859578485197,1,9,0.0824907621753872441111111111111111111111
"709tvsyynpz1tx7snba1whwwl","G. Sigur√∞sson","Everton",3.289544636426013097,4,39,0.0843472983698977717179487179487179487179
"albgykp944mwlxs894bx3326t","S. Ireland","Stoke City",0.274086839568359972,0,3,0.0913622798561199906666666666666666666667
"azwg41yu27i0x2qs9omgkng0l","R. Aarons","Newcastle United",0.105006695219015109,0,2,0.0525033476095075545
"d3hg7lo01o84dsvzud3b6vsnp","O. McBurnie","Swansea City",0.466628377545310488,0,5,0.0933256755090620976
"4nmoo21cjtv94uuzf5folxvx1","W. Morgan","Leicester City",1.63686562965219233,0,13,0.1259127407424763330769230769230769230769
"4fvtwbl1hrxgs9lg957rxladx","M. Yoshida","Southampton",1.831488564865512158,2,19,0.0963941349929216925263157894736842105263
"33s2i3l13q92rvo28o3j27etx","A. King","Leicester City",0.577898223095819356,1,6,0.0963163705159698926666666666666666666667
"2ub88jcc3vku6mrnt5fb3oyqd","Renato Sanches","Swansea City",0.577307067737317379,0,12,0.0481089223114431149166666666666666666667
"df7n0r366r77ujzxdedwcomol","Lee Chung-Yong","Crystal Palace",0.040486669292087593,0,1,0.040486669292087593
"dbebh5mvzowjrp7h4qvzxvaol","W. Hughes","Watford",1.0078165044032794,2,12,0.0839847087002732833333333333333333333333
"4gxrl3rrfamhtr6as1amupd5h","S. Ward","Burnley",0.32313048244362537,1,6,0.053855080407270895
"4upzspmuautmtl51yxe3kva39","Ahmed Hegazy","West Bromwich Albion",1.69185469179645657,2,14,0.1208467636997468978571428571428571428571
"8qezzr83ofw7htqufohg2fwlx","Emerson","Chelsea",0.27514750830890908,0,2,0.13757375415445454
"6otgu2ezmd171skyysl1ku09h","P. Dummett","Newcastle United",0.338810724857283818,0,4,0.0847026812143209545
"1tbc8iokapjgu8zjrc1knq28l","J. Bednarek","Southampton",0.1172676025781131,1,1,0.1172676025781131
"5ppt0al5l0aqlvu2ygtdo2bx1","G. Cameron","Stoke City",0.303534313253444608,0,5,0.0607068626506889216
"a1u7272606p7abic3re1p5hhx","J. McCarthy","Everton",0.10045998883396917,0,1,0.10045998883396917
"5fe9nui6tiwb7pktbhlwvzl5h","S. McQueen","Southampton",0.053243008299190722,0,1,0.053243008299190722
"6krs130vpjwfkyo4227f2fkr9","R. Klavan","Liverpool",0.98496921915427837,1,1,0.98496921915427837
"c5d1ck5rlfb1nrvr8nlwigvdh","K. Mirallas","Everton",0.328476966928972377,0,4,0.08211924173224309425
"5cw4n6kdaa7imeyaiuo2pnq39","D. Luk√©bakio","Watford",0.055540213372607311,0,1,0.055540213372607311
"18paf5a7rfe4kutxjl4cwd695","H. Barnes","Leicester City",0.13449672626454362,0,1,0.13449672626454362
"8yv9xuzriaecvvssfm8dlmz85","Danilo","Manchester City",1.191010348205055737,3,19,0.0626847551686871440526315789473684210526
"9j742o5vdc7d54x1xdz4t9ck5","S. Kola≈°inac","Arsenal",2.324964472899867608,2,21,0.1107125939476127432380952380952380952381
"cotiiu6mjkfx5xa63nhfbdf4l","S. Man√©","Liverpool",9.14692932121141549,10,70,0.1306704188744487927142857142857142857143
"8kb5h8df97ju107n9ibigo1cl","A. Iwobi","Arsenal",4.093889225839790456,3,45,0.0909753161297731212444444444444444444444
"4zxrdmwphkxvkvo6bt30uanrp","P. H√∏jbjerg","Southampton",0.85869485737239421,0,16,0.053668428585774638125
"9knq8u3gvl2kho5mih512n2z9","Adrien Silva","Leicester City",0.518043490008041573,0,11,0.0470948627280037793636363636363636363636
"4c3pwnxhk5vyxh3sxppw8vob9","A. Carroll","West Ham United",2.29234295659058412,3,28,0.0818693913068065757142857142857142857143
"dxb1r4gqgxkngb0pzvfby9iol","M. Schneiderlin","Everton",0.492194841891890229,0,5,0.0984389683783780458
"cjm9hrspcnmjhqttuiz5fkgr9","Deulofeu","Watford",0.743383035079158686,1,8,0.09292287938489483575
"bv9ejevyrwdqc1j5rw4tkiy1h","F. Had√´rgjonaj","Huddersfield Town",0.375881270163538949,0,8,0.046985158770442368625
"ceerfv28fygp7m2euv5n5uu39","I. Gueye","Everton",1.64135752406391595,2,23,0.0713633706114746065217391304347826086957
"drwacyyicuhy3heg4j0ipqj85","Ayoze P√©rez","Newcastle United",7.328115865354487639,8,60,0.1221352644225747939833333333333333333333
"dsteap0b6lis83b9au13evr2t","M. Phillips","West Bromwich Albion",3.102215510970588881,2,28,0.1107934111060924600357142857142857142857
"bwgjvtqtuflgq4ov3xis75vbp","A. Barnes","Burnley",7.681369771294668441,9,60,0.12802282952157780735
"5hep0bzxshhmn2ihx8a5f3p3p","L. Mousset","AFC Bournemouth",1.453444823028777469,2,22,0.0660656737740353395
"7o9bkf7no8wz167ingslfimdx","C. Smalling","Manchester United",1.894614445749362628,4,13,0.1457395727499509713846153846153846153846
"8g7clz1z04oqjxhg8xnqc7105","A. Doucour√©","Watford",4.201671762786148929,7,47,0.0893972715486414665744680851063829787234
"7z5ugeh3ejhwa3c8tg7idkpud","J. Lascelles","Newcastle United",1.253478463506290166,3,12,0.1044565386255241805
"3uryxh0ztshuidtv7urv251hx","C. Tosun","Everton",2.84959726390765942,5,19,0.1499788033635610221052631578947368421053
"a13bt8fcp7mnpoqfrjwjsvetx","T. Deeney","Watford",3.73883743718100321,2,31,0.1206076592639033293548387096774193548387
"363nsa82dww242zeo09wpcslx","T. Abraham","Swansea City",7.273030358740307066,5,42,0.1731673894938168349047619047619047619048
"13ll29mtf7pxwz1yf0i40tsd1","David Silva","Manchester City",6.431689398317260396,9,54,0.1191053592280974147407407407407407407407
"54mikuxbl9pelq500ik63g15h","J. McClean","West Bromwich Albion",2.34906579844146908,1,30,0.0783021932813823026666666666666666666667
"xm50j2dki5ml1gzx3y0i0zbp","M. Albrighton","Leicester City",1.453348132978747646,2,20,0.0726674066489373823
"94jgdou8wwsu1js5syif03qhh","S. Dann","Crystal Palace",2.233919996946312181,1,19,0.1175747366813848516315789473684210526316
"ex186m2z3yp666b1g219a8ted","A. Mawson","Swansea City",2.071844155226393678,2,20,0.1035922077613196839
"f4cykd65su8xbme6xdc1iw7o5","A. Lacazette","Arsenal",9.578630572493714519,12,66,0.1451307662499047654393939393939393939394
"7usl4495egoptlrd762f0arbp","B. Chilwell","Leicester City",0.350841736226462853,0,6,0.0584736227044104755
"6fzbp94hf19ysotdassrqdc5x","A. R√ºdiger","Chelsea",1.963495045686453231,2,15,0.1308996697124302154
"c0yxqwkxqx1sty7abj1qwh9zp","D. Welbeck","Arsenal",4.441373002010670698,5,32,0.1387929063128334593125
"dvj6rdi2k0td95oxldbj6e28l","D. Solanke","Liverpool",4.104284125818363786,1,22,0.1865583693553801720909090909090909090909
"51szz5ti75hkckhdj7sk5n36d","A. Valencia","Manchester United",0.767194165570796273,3,16,0.0479496353481747670625
"vl1b0gayryiqvl5dlukpmswl","A. S√°nchez","Arsenal",6.281723465593047239,6,68,0.0923782862587212829264705882352941176471
"aafz6q5ggn9e6m5hprc71lgph","M. van der Hoorn","Swansea City",1.118302198088590986,1,10,0.1118302198088590986
"wr2f0yl1bf68r73hkjee2pqt","T. Bakayoko","Chelsea",3.053793230891197625,2,40,0.076344830772279940625
"2mvi0tqbe0ssqz18wlbf7p7f9","P. Crouch","Stoke City",4.368036476777272794,5,23,0.1899146294250988171304347826086956521739
"8920kmyrmhle0rmi3tcvujwet","M. √ñzil","Arsenal",3.128616768023943012,4,39,0.0802209427698446926153846153846153846154
"5nt3khx8jtvz8n83tzuaot68l","M. Rojo","Manchester United",0.239363650115512639,0,5,0.0478727300231025278
"9jiectkc8rk0ivxn80l87ic45","I. Slimani","Leicester City",1.250626056200851965,1,7,0.1786608651715502807142857142857142857143
"7udt7gcpdccho3xwb2zoiq02d","S. Francis","AFC Bournemouth",0.597961083407942865,0,13,0.045997006415995605
"8pb6iiphpyxdlpbs4dpunr8wl","S. Aurier","Tottenham Hotspur",0.68390025060631467,2,15,0.045593350040420978
"edbfrlou976fl038ocrpa09h","D. Sturridge","Liverpool",2.258543419836570695,2,21,0.1075496866588843188095238095238095238095
"6g857hx8sdddxaxs487e1xihh","M. Wagu√©","Watford",0.350844006749530469,1,3,0.1169480022498434896666666666666666666667
"aiehjyb5unahdn0somr3ewa1h","J. Lolley","Huddersfield Town",0.13853708911686892,1,3,0.0461790297056229733333333333333333333333
"65z99j774kjnbf7vm0u2q0jit","K. Trippier","Tottenham Hotspur",0.266613238802108588,0,7,0.0380876055431583697142857142857142857143
"33cny48k38nlo8pcx3i24ldqt","P. Billing","Huddersfield Town",0.370949812813088002,0,7,0.0529928304018697145714285714285714285714
"9hvnc4u8llay0i2nq37gdshjp","J. Puncheon","Crystal Palace",1.5273663467350751,0,10,0.15273663467350751
"9tc6mprxpu2rc5ptlp5ljw7h1","T. Alderweireld","Tottenham Hotspur",0.474752687920245489,0,10,0.0474752687920245489
"a3ms8havadt1y9x381l325txx","V. Lindel√∂f","Manchester United",0.020882246685816248,0,1,0.020882246685816248
"b99vbk3jddyzdw29h7ea0ma51","G. Nkoudou","Burnley",0.213491239327289869,0,4,0.05337280983182246725
"8kar47kxxc8f20vc9ul2ez3yt","O. Burke","West Bromwich Albion",0.494553070791683926,0,4,0.1236382676979209815
"5qfa3h4gut5jlnfkexq5m1djp","H. Winks","Tottenham Hotspur",0.153611432627144121,0,3,0.051203810875714707
"ub3g41w6l3yfyzs4h24vpn8p","M. Obafemi","Southampton",0.22323556156934998,0,1,0.22323556156934998
"9jw0h4escxh3eqz8oh860r3yt","E. Bailly","Manchester United",1.111235108835638269,1,3,0.3704117029452127563333333333333333333333
"a7uo47nehqo2irfllck81uqxh","J. Riedewald","Crystal Palace",0.054941864687293396,0,1,0.054941864687293396
"dirz5ieaz5ewtdcs3x1ndge6t","E. Mangala","Everton",0.10033539787444405,0,1,0.10033539787444405
"596e4chumhaa7t4xctzglthw5","C. Fuchs","Leicester City",0.459902286419706807,0,11,0.0418092987654278915454545454545454545455
"6b9erfx1rf9nff83300tntadx","Roberto Firmino","Liverpool",9.191870768995744196,14,83,0.1107454309517559541686746987951807228916
"1xscywgyfqisqexmpfvbf9g45","H. Mkhitaryan","Arsenal",1.790545367775357636,2,21,0.0852640651321598874285714285714285714286
"axicg3mdtrur97rjz423pl8t1","A. Mooy","Huddersfield Town",2.640619006189488117,3,28,0.0943078216496245756071428571428571428571
"6fz5d1z4587tqdldr261cp1p1","M. Noble","West Ham United",0.824908052842481097,2,13,0.0634544656032677766923076923076923076923
"2oijcg6e36mwy3ie1num5wclx","T. Walcott","Everton",1.810896202002922504,3,19,0.0953103264212064475789473684210526315789
"51xwrb0qit04oz9x01p2gghjp","K. ·ªäheanach·ª?","Leicester City",4.440796032605794357,3,29,0.1531308976760618743793103448275862068966
"6m2pk6odyb3atayt6u8cifahh","D. Tadiƒá","Southampton",4.778108388347949165,5,39,0.1225155997012294657692307692307692307692
"2smmv9hdoiet7necaf00ol51x","T. Mings","AFC Bournemouth",0.020424554535387773,0,1,0.020424554535387773
"9wbf00lybk9fqablaqwg5cn2t","ƒ∞. G√ºndoƒüan","Manchester City",3.221778412326919608,3,34,0.0947581885978505767058823529411764705882
"3e8mxxfs5q7gt4lg2beqpkwyd","Beller√≠n","Arsenal",2.182414267776713393,2,29,0.0752556644060935652758620689655172413793
"7ws6w5ad1qkd8wffyb74m28l","C. Cathcart","Watford",0.11516122213563023,0,2,0.057580611067815115
"7uxt9a7t22ij4reg1uire5uqd","L. Shaw","Manchester United",0.554525825179874296,0,12,0.0462104854316561913333333333333333333333
"7btmjzlihczblbm55jtopzg0l","J. Hogg","Huddersfield Town",0.704386018137670964,0,12,0.0586988348448059136666666666666666666667
"9g7jit9xa9c5b25gfl6wy7kd1","A. Westwood","Burnley",0.735364032890486127,0,8,0.091920504111310765875
"f5567t48q0846fsnq6d3mqfv9","Iborra","Leicester City",2.064391571998667787,3,14,0.1474565408570476990714285714285714285714
"eziqega9e25bg939pfh4vjp3p","A. Robertson","Liverpool",0.875802542207341112,1,12,0.0729835451839450926666666666666666666667
"d1qg8ju3u13idyvvncz6zb105","G. Cahill","Chelsea",0.62919484235614798,0,10,0.062919484235614798
"3imsbq3n9zgkzp668lsbklg45","Mohamed Elneny","Arsenal",0.448651989812374274,0,8,0.05608149872654678425
"6nd207wf78npdd9ui5hom1xat","S. Okaka","Watford",1.795068428631449184,1,10,0.1795068428631449184
"a8gzcehm7lkmw9fe2ofrna3th","D. Fletcher","Stoke City",0.540056545958085796,1,11,0.0490960496325532541818181818181818181818
"3vxh219sef8mooilemi8xbs9h","Philippe Coutinho","Liverpool",3.605170059804891517,7,54,0.066762408514905398462962962962962962963
"4fsvhj2hcujfwrz0kjo76u1g5","J. Stanislas","AFC Bournemouth",3.200152749425359998,4,44,0.0727307443051218181363636363636363636364
"dxze3b3fsfl814bjcs7q6wcet","V. van Dijk","Southampton",1.068805061401502871,0,11,0.0971640964910457155454545454545454545455
"bhsoe49s9vpa6v62rswirhsl","R. Bertrand","Southampton",1.265363424366878464,0,20,0.0632681712183439232
"az767vfe6ig8vwir9uu2eu3th","E. Kachunga","Huddersfield Town",1.905431004484974612,1,12,0.158785917040414551
"6wa837v5i330nm5lqm9nckfrp","D. Stephens","Brighton & Hove Albion",1.708720614768808542,0,19,0.0899326639352004495789473684210526315789
"16l7395yh2w7bphsec4j6hu51","P. N'Diaye","Stoke City",1.703105969395802771,2,19,0.0896371562839896195263157894736842105263
"9clhampzc9mhqacithsgioc0l","M. Demb√©l√©","Tottenham Hotspur",0.570296684464677226,0,11,0.0518451531331524750909090909090909090909
"7jn9kl5wq29d41ekc2fz2rs2d","N. Ak√©","AFC Bournemouth",1.447348194240509314,2,18,0.0804082330133616285555555555555555555556
"7c3ue1a0utnvk7986i3cwk7v9","S. Mustafi","Arsenal",0.687368063743266814,3,13,0.0528744664417897549230769230769230769231
"356hlyxmm0xoknzmoxfu2frv9","S. Defour","Burnley",0.957559170458834423,1,19,0.0503978510767807591052631578947368421053
"4oyobe8stmkj7v4t6dci66g2d","P. Zabaleta","West Ham United",0.541946502838994207,0,6,0.0903244171398323678333333333333333333333
"3agihhqej8zosfte96z4rot79","P. Mertesacker","Arsenal",0.209206872410005634,1,2,0.104603436205002817
"66939rcic8zhw13nlcniiq4t1","B. Mee","Burnley",1.827263072341135406,0,25,0.07309052289364541624
"ashza2qkgnak7wb3vuz5bnzyt","D. Ings","Liverpool",1.097042422726823056,1,8,0.137130302840852882
"bc0xr30uxu4ppotxy8qe4f5cl","H. Arter","AFC Bournemouth",0.527052275374076142,1,11,0.0479138432158251038181818181818181818182
"9sbx7dlressy910i8uuztf93p","Z. Ibrahimoviƒá","Manchester United",0.271145229286326491,0,4,0.06778630732158162275
"b27pmpcvny40pkcx87tdddsyd","A. Mitroviƒá","Newcastle United",0.639441776532824278,1,4,0.1598604441332060695
"dirz5ieaz5ewtdcs3x1ndge6t","E. Mangala","Manchester City",0.1606309579762781,0,1,0.1606309579762781
"1z3g8r34ph9ns6y1qd7qrhnmd","D. Sakho","West Ham United",1.260934324751574128,2,9,0.1401038138612860142222222222222222222222
"4szqfu5xdvo92qzfr2rywjdud","L. Ulloa","Brighton & Hove Albion",0.89901347551171088,1,2,0.44950673775585544
"dd6ao1xyzj2ll9w394f250qtx","J. Collins","West Ham United",0.274125281522305821,1,4,0.06853132038057645525
"8pvha1gcylcga0biqxrf805pl","T. Campbell","Stoke City",0.33174826523690782,0,2,0.16587413261845391
"9kvp5ddeay1cmfwoao8eo1vbp","S. Byram","West Ham United",0.246499892404315308,0,4,0.061624973101078827
"f2wjw84p0ztxt636u2ibnoxxx","M. Sakho","Crystal Palace",1.44734143369548126,1,3,0.48244714456516042
"3pxe4cqev5loojxj45tphh13p","K. Bartley","Swansea City",0.138528228027854142,0,2,0.069264114013927071
"3yl0m3n14kek9pwkp7catyh9l","A. Sabiri","Huddersfield Town",0.307826177538363635,0,5,0.061565235507672727
"cyg7icft0ojp9wdbyq9nlkwyd","J. Murphy","Brighton & Hove Albion",0.070734875084953241,0,1,0.070734875084953241
"23oysjfutg5xy1f3o9bapnmxh","Javi Manquillo","Newcastle United",0.081570094974339421,0,2,0.0407850474871697105
"by3erot4bzfc6y1oip4aayoyd","B. Watson","Watford",0.04529975977296273,0,1,0.04529975977296273
"2tw82upv8rbgsrdlnz696sez9","J. Izquierdo","Brighton & Hove Albion",4.450036945189700423,5,52,0.08557763356134039275
"6v1o4s2acog9guff3folo1jh1","J. Vardy","Leicester City",11.64930197880439781,15,65,0.1792200304431445816923076923076923076923
"7fmpgkx58o9pivo2bbnxxkt05","Aymeric Laporte","Manchester City",0.142672900376512174,0,3,0.0475576334588373913333333333333333333333
"9ikkppq7uewf36gahgz0kzaol","W. Zaha","Crystal Palace",7.841324680354243692,9,64,0.1225206981305350576875
"e9f7232gs1vgtv7frh8spdbkl","K. Long","Burnley",0.979324456960154471,1,10,0.0979324456960154471
"1jz6a0l9q2v38adtntoe30t1","Kenedy","Newcastle United",2.358793361975988393,2,23,0.1025562331293907996956521739130434782609
"d67qj0sakwrfzbscleo4dbget","Joselu","Newcastle United",4.931823615602416983,4,46,0.1072135568609221083260869565217391304348
"25yu90pekqr1lhs098f3uxy39","J. Henderson","Liverpool",1.094632776587686657,1,15,0.0729755184391791104666666666666666666667
"9q1pgu6p4wcn9qg4idxsipql1","B. Mendy","Manchester City",0.200435705175795128,0,5,0.0400871410351590256
"6lz4bncnjfcm7wrtuiovguv2t","A. Nyom","West Bromwich Albion",0.11466475392202935,0,3,0.03822158464067645
"2unorlgh6lxy19g0pgydg65ed","C. Dawson","West Bromwich Albion",2.9123301263430714,2,16,0.1820206328964419625
"54h69199gtsavspwblux98dsl","E. Hazard","Chelsea",5.983593005692715567,10,69,0.0867187392129379067681159420289855072464
"3ikhefktnj44ys7rqjzr5q09h","A. Martial","Manchester United",5.248092777402296177,8,48,0.1093352661958811703541666666666666666667
"7paw998ux29k7hx4t1g0wu85x","A. Young","Manchester United",0.929929513876462797,2,18,0.0516627507709145998333333333333333333333
"cwanyl6uih4b22xu66y4u9lud","V. Moses","Chelsea",2.855198952741121588,3,35,0.0815771129354606168
"3c7vnmec038bhz5rq36ywi2fp","M. Antonio","West Ham United",2.594843453540555946,3,34,0.0763189251041339984117647058823529411765
"3ojzrb5okc6i1jf1o7okovnjd","T. Fosu-Mensah","Crystal Palace",0.396163300174854691,0,8,0.049520412521856836375
"3or340khwmwl7p176xe839w5","G. Murray","Brighton & Hove Albion",6.952338593925840384,8,47,0.1479220977431029868936170212765957446809
"a5jevih0cosa0398dvl3bz3rp","E. Pieters","Stoke City",0.135369166932163491,0,3,0.045123055644054497
"dx2hg0tpp4tkpdtdrhdjghp05","C. Yacob","West Bromwich Albion",0.42124443317767515,0,8,0.05265555414720939375
"74czi2oxn9do36fsjjrcmdyad","Llorente","Tottenham Hotspur",1.124443316431323082,1,6,0.1874072194052205136666666666666666666667
"djn7515ev4uzfcvizndtrvzkl","J. Sims","Southampton",0.899836245732289179,0,11,0.0818032950665717435454545454545454545455
"f5h4rj13rvfwx0bzes3pz6klx","G. Barry","West Bromwich Albion",1.712379777901802383,1,16,0.1070237361188626489375
"9ey10owd9suxp3865j9gkxd5h","C. Quaner","Huddersfield Town",1.701565418264606798,0,16,0.106347838641537924875
"2ucq00tdq0qqqovscexd7rj6d","T. Ince","Huddersfield Town",7.06811890984514793,2,70,0.1009731272835021132857142857142857142857
"2hspu41ocnru322bdzom7rp","S. Davis","Southampton",0.903972970174128798,3,13,0.0695363823210868306153846153846153846154
"7lai6ovwsl01gonutejt4mms5","E. Can","Liverpool",2.304488745317539189,3,27,0.0853514350117607107037037037037037037037
"55bgi895g03zhc7vdh7e7yvv9","A. Masuaku","West Ham United",0.414669010184190149,0,9,0.0460743344649100165555555555555555555556
"3jln1gzc0859ymphvq83i0mp5","Brahim D√≠az","Manchester City",0.45090122509898167,0,3,0.1503004083663272233333333333333333333333
"d533qb0wnaw00hvyezw2nbsnp","M. Pugh","AFC Bournemouth",1.688340294273559692,0,19,0.0888600154880820890526315789473684210526
"ebgkv548xih19m8uza7bgrvmd","N. Vla≈°iƒá","Everton",0.35075447237985876,0,5,0.070150894475971752
"djelmk2oafas355n2u0d1bumt","L. Cook","AFC Bournemouth",0.785721569947738887,0,18,0.0436511983304299381666666666666666666667
"80y7k4ht4s4nkta9wnf30y40l","D. Gosling","AFC Bournemouth",2.425735342661503686,2,22,0.110260697393704713
"7f1l94rwkg6j0ns1w0mw8707p","R. Brady","Burnley",1.286490850906703765,1,24,0.0536037854544459902083333333333333333333
"44hbi5o02x1tgn95h0q62gmzu","L. Lumeka","Crystal Palace",0.099696779090078638,0,1,0.099696779090078638
"drv9wksjusdgp1np315rokzit","J. Kenny","Everton",0.23033037871137247,0,3,0.0767767929037908233333333333333333333333
"1av9mmv19jwvc4xdr0p9owyxh","A. Christensen","Chelsea",0.904209586346466771,0,12,0.07535079886220556425
"byirjks50zw1eefkcy8p4hd5h","B. Martins Indi","Stoke City",1.152447564711363779,0,4,0.28811189117784094475
"9030fs6r1d6d4y9e65u4qb179","Bojan Krkiƒá","Stoke City",0.045578874071685385,0,1,0.045578874071685385
"baakmd4ndnulbl9npvmq90mvp","D. Klaassen","Everton",0.104591810991505239,0,2,0.0522959054957526195
"3kx4mltrob4yta5g6kr2u8ic5","D. Blind","Manchester United",0.144319796437661567,0,3,0.0481065988125538556666666666666666666667
"9g6u697xk9lxxx76nwr3w5uc5","M. Britos","Watford",1.081150500375151466,1,4,0.2702876250937878665
"bvw1jgmhfyc896gfi6uj0skwl","Azpilicueta","Chelsea",1.211179386462937293,2,13,0.0931676451125336379230769230769230769231
"46kq5653o302ebz4o5yzsss0l","√?lvaro Morata","Chelsea",10.8578559186466328933,11,79,0.1374412141600839606746835443037974683544
"exiribcpg9vnuq9ekhlk74dlh","R. Mahrez","Leicester City",5.916254050592917424,12,73,0.0810445760355194167671232876712328767123
"70uwtz6q782qjf2mqpdlqpbkl","M. Olsson","Swansea City",1.041252952199308166,0,18,0.0578473862332948981111111111111111111111
"8jf11l2tivq8jpw0fblgdvh05","S. Duffy","Brighton & Hove Albion",2.318488028921821908,0,28,0.0828031438900650681428571428571428571429
"cembnh1h1a58dx38it2poaeol","R. Mori","Everton",0.046448744908235362,0,1,0.046448744908235362
"6uurhe88nry4hyelll8ifzd91","E. Fernandes","West Ham United",0.396790074991164026,0,7,0.0566842964273091465714285714285714285714
"5awkzgwwh48prwgvxwewuc5hx","O. Giroud","Chelsea",4.343307321729026053,3,30,0.1447769107243008684333333333333333333333
"5ilkkfbsss0bxd6ttdlqg0uz9","Mohamed Salah","Liverpool",16.987572917066530937,31,142,0.119630795190609372795774647887323943662
"5yg9ljo5pf1lo2xk74d0k240l","S. Mouni√©","Huddersfield Town",5.756875637946244145,7,49,0.1174872579172702886734693877551020408163
"78fx1xqqtcqm2g4h1dj8beml1","J. Vertonghen","Tottenham Hotspur",1.321602514592518346,0,24,0.0550667714413549310833333333333333333333
"ezrn62nekq3wpw1qs1yu1ezmd","N. Clyne","Liverpool",0.204429786387254521,0,2,0.1022148931936272605
"aouukz8amckwqx5zvarvy69qt","Nacho Monreal","Arsenal",1.744240274396573999,5,22,0.0792836488362079090454545454545454545455
"2a72e5iuteopz2q9zsz2e6hn9","J. Livermore","West Bromwich Albion",2.653673492784150115,2,15,0.1769115661856100076666666666666666666667
"75g95p42i3msl3k11cnpwipcl","F. Diabat√©","Leicester City",0.54891435204855916,0,6,0.0914857253414265266666666666666666666667
"bbla2bv2m5sddzh1us5n8az85","Mata","Manchester United",3.475832369244253629,3,28,0.1241368703301519153214285714285714285714
"actvnm36s31zf8wh8hjikzlqt","P. Aubameyang","Arsenal",5.309310054852083999,9,29,0.1830796570638649654827586206896551724138
"oc04nz0mrmzeqpcbql3rbhlh","M. Sissoko","Tottenham Hotspur",2.652836609825486667,1,19,0.1396229794644992982631578947368421052632
"374kcix9j7e1cob4uxmfncwyd","D. Calvert-Lewin","Everton",5.594327352351983391,4,43,0.1301006361012089160697674418604651162791
"afcwu800ox2u5zx6xaiygg1qt","Willian","Chelsea",4.675187093861647011,5,53,0.0882110772426725851132075471698113207547
"1vz038uyzmq8saskeeo0qhm8l","H. Maguire","Leicester City",2.591717466647845987,2,30,0.0863905822215948662333333333333333333333
"a69r2pf2w8da4dl0zl4k5vil1","D. Zappacosta","Chelsea",1.528697115327075792,1,25,0.06114788461308303168
"9e0q0mybs3tsyc39u3reuhq6t","C. Adam","Stoke City",0.71707315907818773,0,9,0.07967479545313197
"27u88l48n08qpfwkz3njqcwd1","J. Holebas","Watford",0.810136232701634399,0,17,0.047655072511860847
"8sllxmpst47s6c46fgtv1q47p","G. Krychowiak","West Bromwich Albion",1.072605744526647014,0,17,0.0630944555603910008235294117647058823529
"c5zmr0m17riujelm4up44etih","Richarlison","Watford",9.943742542533900895,5,95,0.1046709741319357988947368421052631578947
"1wnzwoisg4ctvcxsh2xnrkj4l","M. Gabbiadini","Southampton",2.608880743192378779,4,21,0.1242324163424942275714285714285714285714
"7qy1hiitksyuaa9l0irxg240l","B. Davies","Tottenham Hotspur",1.004687584792825963,2,18,0.0558159769329347757222222222222222222222
"4rwvkp9xlyv314ceglbauou6t","S. Okazaki","Leicester City",7.278258821907830911,6,28,0.25993781506813681825
"3l7amac6wdv9yztupg7ur3kl","O. Zinchenko","Manchester City",0.187816732810974228,0,5,0.0375633465621948456
"9uk9thozkl5fjlnlw3z4o8ul1","S. Pr√∂dl","Watford",0.704708416493808617,0,8,0.088088552061726077125
"vl1b0gayryiqvl5dlukpmswl","A. S√°nchez","Manchester United",2.03972325935793274,2,18,0.1133179588532184855555555555555555555556
"3xthf6r5hvlx8oje4rqcs3it","L. Milivojeviƒá","Crystal Palace",1.740593153168570373,3,34,0.0511939162696638345
"e1m3awfq2q04hmckogkiyuitx","S. Long","Southampton",4.461899974135630127,2,33,0.1352090901253221250606060606060606060606
"wb378lycyv8zugufh17uplud","V. Wanyama","Tottenham Hotspur",0.59969881864118145,1,12,0.0499749015534317875
"zo32khapaj950oma9gipptxx","C√©dric Soares","Southampton",1.143030316199492061,0,23,0.0496969702695431330869565217391304347826
"7o49rb7fgi2ml87up7hh2z0t1","J. Evans","West Bromwich Albion",2.594715430640902706,2,10,0.2594715430640902706
"6ebb2xcovp1tx5nv5yyncb7x1","J. Schlupp","Crystal Palace",1.31717939391614711,0,15,0.0878119595944098073333333333333333333333
"1f7btibhwfqdnilbwl51mtal1","J. Defoe","AFC Bournemouth",4.160607704303187324,4,27,0.1540965816408587897777777777777777777778
"z0b91n9uq42fn1lx6p4t1g45","A. Lennon","Burnley",0.635977642038664131,0,10,0.0635977642038664131
"a4qjllaut1bo0ng3x4xu5lq6t","A. Ayew","West Ham United",2.260759252699365363,3,12,0.18839660439161378025
"b3974hgsmyff5xtq7qf1onhlh","Bernardo Silva","Manchester City",3.310525159881224403,6,25,0.13242100639524897612
"5kdcg5tlzqdsmqdvyvxf49rrp","A. Mariappa","Watford",0.702284433544005527,0,10,0.0702284433544005527
"8u8he2dwkbgjf3yo8jsltq9qt","N. Chalobah","Watford",0.830282582052778887,0,12,0.06919021517106490725
"2qr47jkfmxw0c4auuiu3uf2l1","I. Hayden","Newcastle United",0.909422011356221573,1,14,0.0649587150968729695
"9rh21yeqaufhu938ymfkrm02d","Y. Benalouane","Leicester City",0.06842535696473569,0,2,0.034212678482367845
"6og6s61vrg51rfqxk9cipylzp","M. Keane","Everton",1.114536785910987559,0,15,0.0743024523940658372666666666666666666667
"c2kzyykn8bwtswj6lacvrj3s9","H. Choudhury","Leicester City",0.072264448779271275,0,2,0.0361322243896356375
"34ix43mjp0bvby0rj64mhac45","N. Wells","Burnley",0.480379186794886267,0,3,0.1601263955982954223333333333333333333333
"e8dina16u5kt5ho4u5igtmimt","J. Pickford","Everton",0.033289966970966638,0,1,0.033289966970966638
"dy1z4i2jsbeswei0ha2n39c5x","C. Goldson","Brighton & Hove Albion",0.159157923330918032,0,3,0.0530526411103060106666666666666666666667
"edbfrlou976fl038ocrpa09h","D. Sturridge","West Bromwich Albion",0.165557748701140241,0,3,0.0551859162337134136666666666666666666667
"5fcaaack3wbn6nfdx1qoqoafp","C. Martina","Everton",0.158238511982324331,0,2,0.0791192559911621655
"2krfnddin5lpqorjhdplu9hw5","C. Musonda","Chelsea",0.227822276445423505,0,2,0.1139111382227117525
"4szqfu5xdvo92qzfr2rywjdud","L. Ulloa","Leicester City",0.060367794895826651,0,1,0.060367794895826651
"5jqw68fs4f5ab0k42tb5g2dhx","I. Brown","Brighton & Hove Albion",0.094028100844201684,0,1,0.094028100844201684
"dp3aw3ups4xcorc0hhgql3wlx","G. Johnson","Stoke City",0.129312148885857591,0,2,0.0646560744429287955
"2hb3k34yedp2vi7ok6umajutx","L. Rosenior","Brighton & Hove Albion",0.079193085051341681,0,2,0.0395965425256708405
"dx4ui1exob4eg237prciag991","N. Amrabat","Watford",0.059298002564325117,0,1,0.059298002564325117
"d66tmyj9pt69gub8pcjgo3bh1","Gabriel Jesus","Manchester City",11.187003686115801962,13,54,0.2071667349280704067037037037037037037037
"dbtn3hglkg6kfkvkz6gvs6x1x","C. Austin","Southampton",6.165428358545108381,6,47,0.1311793267775554974680851063829787234043
"9c927a1i8iqblent14xat7aad","J. Ayew","Swansea City",5.945187669873912803,6,65,0.0914644256903678892769230769230769230769
"x32fbvwwxkda9ruezw67b3dh","N. Otamendi","Manchester City",3.106351734611990538,4,32,0.0970734917066247043125
"7r6vds5j65fohi1k28cnqjqvp","J. Ward-Prowse","Southampton",2.345279380683650406,3,28,0.0837599778815589430714285714285714285714
"7exng93jyar5is4fa64r9bhzp","E. Lamela","Tottenham Hotspur",4.067830214822209648,2,20,0.2033915107411104824
"b7eoho4q34nfispye73m8b00l","J. Shelvey","Newcastle United",2.95756308283869096,1,42,0.0704181686390164514285714285714285714286
"bouz6nvqcl0vziz1zugobcs7p","T. Carroll","Swansea City",1.168548347348252601,0,20,0.05842741736741263005
"37o111nzbnrl2ns9mv85urhsl","R. Shawcross","Stoke City",2.649977026806417392,1,24,0.1104157094502673913333333333333333333333
"604osk9a3lxpfpkavuziqmn6x","M. Rashford","Manchester United",5.325982667525947722,7,61,0.0873111912709171757704918032786885245902
"a6m9jcx0e4l6krv1u0pbfuoyd","C. Kouyat√©","West Ham United",2.872599085127990842,2,23,0.1248956123968691670434782608695652173913
"33s2i3l13q92rvo28o3j27etx","A. King","Swansea City",1.078526339429010009,2,8,0.134815792428626251125
"dztjfq21ncf792va28btn31ed","S. Clucas","Swansea City",1.89288199651385536,3,19,0.0996253682375713347368421052631578947368
"5g725u1zyc8og1hesmg30wyxh","J. Hendrick","Burnley",2.353217996057270502,2,25,0.09412871984229082008
"3d090a958btmgflwbvakp700l","Ramadan Sobhi","Stoke City",1.292540450624108747,2,13,0.0994261885095468266923076923076923076923
"2lyib1m8bhrkcc3ukk12fbefp","G. Wijnaldum","Liverpool",3.37545721918876211,1,38,0.0888278215575990028947368421052631578947
"6yush35gfp1sgyyzicye73rp","P. van Aanholt","Crystal Palace",2.296655472313271426,5,33,0.0695956203731294371515151515151515151515
"7gcvzjdbqxe5jw1zn07ie4dsl","R. Fraser","AFC Bournemouth",2.088147859190530426,5,30,0.0696049286396843475333333333333333333333
"1arjfb8y072de1ibdzrsqlaz9","M. Diam√©","Newcastle United",1.51025634654531288,2,20,0.075512817327265644
"jagvvzc7329tf2c64mnc251","L. Dunk","Brighton & Hove Albion",2.749465471455306483,1,27,0.1018320544983446845555555555555555555556
"172klpuv2h1enskc8fz79xg45","C. Chambers","Arsenal",1.582450337732224358,0,10,0.1582450337732224358
"2s1ljgqlgyf9yxyau28ddr8id","L. Baines","Everton",0.31646401964810909,0,5,0.063292803929621818
"533095rnz0k8mxqe6gzn0mfo5","F. Lejeune","Newcastle United",0.664495626260809491,0,13,0.0511150481739084223846153846153846153846
"6264xjr1y00yu7b9j2pknalzp","G. Xhaka","Arsenal",3.711320404647652379,1,66,0.0562321273431462481666666666666666666667
"z2richg7upw6hth0dzrvm02d","D. Lovren","Liverpool",1.354205923318624009,2,14,0.0967289945227588577857142857142857142857
"d6rb4egrtsawsejh3hdvd2itx","D. Williams","Huddersfield Town",0.649236810567274217,0,12,0.0541030675472728514166666666666666666667
"9twvo5p1ge4zfgy5hcu0nsvdh","A. Oxlade-Chamberlain","Liverpool",2.79697379046055115,3,38,0.0736045734331723986842105263157894736842
"cuqawmfekh86mgo758udxw7v9","Oriol Romeu","Southampton",3.031826211232474011,1,27,0.1122898596752768152222222222222222222222
"1hyepaipbp5bzpm01mtlk9785","D. Pr√∂pper","Brighton & Hove Albion",2.265429201258160048,0,36,0.0629285889238377791111111111111111111111
"269gnyszrb8ezl57m1ampsdlh","D. Yedlin","Newcastle United",0.258933090075930367,0,6,0.0431555150126550611666666666666666666667
"e6la6wx7o6x7k4srpq8tdsafp","J. Stephens","Southampton",1.617601400350312445,2,11,0.1470546727591193131818181818181818181818
"11dqnpwlb2clu2v7rnghsrlcl","K. Stafylidis","Stoke City",0.202751862404067257,0,4,0.05068796560101681425
"dnq73v6jg4stheso0i0qnr2l1","J. Pied","Southampton",0.073231063332503815,0,2,0.0366155316662519075
"bxxb6qww6x0pddd08kj0ydhx","D. Rose","Tottenham Hotspur",0.454536485531427663,0,7,0.064933783647346809
"9jmvb0qkqfjzwram2juipz4yd","H. Robson-Kanu","West Bromwich Albion",2.637063636011183961,2,19,0.1387928229479570505789473684210526315789
"z0b91n9uq42fn1lx6p4t1g45","A. Lennon","Everton",0.358665123371623055,0,4,0.08966628084290576375
"6358ljf633aylnlkcp488wn2t","A. Williams","Everton",0.860898537115500524,1,13,0.0662229643935000403076923076923076923077
"893msm9pqu1ih4h4pbzbufidx","B. Kayal","Brighton & Hove Albion",0.379222816459235703,0,4,0.09480570411480892575
"f03o987mvbtof73mq4zaanw7p","D. Simpson","Leicester City",0.263942652217242186,0,3,0.087980884072414062
"3jaaxe61rx7sd7wyu1pw3at3p","K. Naughton","Swansea City",0.580293628020142957,0,12,0.0483578023350119130833333333333333333333
"atigcsq78g14w82lwvay26aj9","Mikel Merino","Newcastle United",0.881786844012681087,1,16,0.0551116777507925679375
"b9n8z0i3yxrv77mu9wqsg1s5x","B. Afobe","AFC Bournemouth",1.574268363643902896,0,8,0.196783545455487862
"4740i4523j4dvvf4lnmtsg9n9","P. Bardsley","Burnley",0.09494129053084567,0,2,0.047470645265422835
"8f0y825dozn5a9tm74br43d1x","T. Cleverley","Watford",1.115763885531038678,1,15,0.0743842590354025785333333333333333333333
"9ajene9yg36713lisnaix8r85","F√†bregas","Chelsea",2.717657345544239373,2,38,0.0715172985669536677105263157894736842105
"4t38zuk1ok7b9s8598iipx13p","M. Suttner","Brighton & Hove Albion",0.13288755142380411,0,3,0.04429585047460137
"351v0ovetkdkympri37ldwez9","M. Fellaini","Manchester United",3.878066096798220193,4,10,0.3878066096798220193
"eiadg033l40maayvtee9jgkwl","W. Reid","West Ham United",0.238733758425732048,0,5,0.0477467516851464096
"37d7oej48pb143o5eilue1hhx","J. Murphy","Newcastle United",1.890550780472456802,1,22,0.0859341263851116728181818181818181818182
"4f2bppk56sa7dqgw652x0fzdh","S. Arfield","Burnley",1.552248050927493784,2,18,0.0862360028293052102222222222222222222222
"5kch3oq1mmc2xq5f7dvzuogr9","A. Knockaert","Brighton & Hove Albion",3.388188347637967475,3,46,0.0736562684269123364130434782608695652174
"8wl7vvsx3j15tv3kmemf3n7it","M. Kelly","Crystal Palace",0.429767329480972034,0,5,0.0859534658961944068
"bbgnf53iva9u2rzc6xz045j9x","J. Locadia","Brighton & Hove Albion",1.17614037667110038,1,6,0.1960233961118500633333333333333333333333
"dzsd79k6345s9105mb2r4fqol","A. Maitland-Niles","Arsenal",0.331847208684768211,0,5,0.0663694417369536422
"b6p7xeo6oeep33e6fgt3h3gt1","O. Niasse","Everton",6.012657688195270596,8,37,0.1625042618431154215135135135135135135135
"e0n5297gr7c12vh49sd56fljp","M. Carrick","Manchester United",0.441419103740073119,0,2,0.2207095518700365595
"5tbabvk43ljv3z3wd9mh0y8r9","J. Willock","Arsenal",0.11742026170449615,0,1,0.11742026170449615
"d8hyvglt9347ji6zmciakkrmd","Jes√∫s G√°mez","Newcastle United",0.05472687615137669,0,1,0.05472687615137669
"f2ekgoiao33s5kx1m5eu6cbth","K. Gibbs","West Bromwich Albion",0.65278197408070809,0,9,0.07253133045341201
"51m4rk00tjgintpgldu4jxsdl","S. Field","West Bromwich Albion",0.524356580859438421,1,5,0.1048713161718876842
"9i6i06ai0matrbbfn6yr0jmj9","W. Bony","Swansea City",1.799898214561639279,2,20,0.08999491072808196395
"5r55bc61sgthojep749axb6y1","T. Edwards","Stoke City",0.019688847136177821,0,1,0.019688847136177821
"2im16cd31tgg3yac3c8c18jbp","E. Nketiah","Arsenal",0.11250662443518365,0,1,0.11250662443518365
"6vtr5xi7mdoa8j4jq5y9j2j85","A. Dragoviƒá","Leicester City",0.036111870927306486,0,1,0.036111870927306486
"5le00rywailvxymn7jlm9wez9","J. Walters","Burnley",0.066520482152367666,0,1,0.066520482152367666
"a3pp88a52x123muu26sg4maxh","K. Wimmer","Stoke City",0.094397098058923712,0,1,0.094397098058923712
"1l12v8lx25ipy5obp0wcfkr11","A. Pritchard","Huddersfield Town",1.285146066296092165,1,20,0.06425730331480460825
"4603xrdk721lqhd1ejn62x5n9","L. San√©","Manchester City",4.217373779407840884,10,57,0.0739890136738217698947368421052631578947
"5mx86rwy0u4xi1b5kqin4lhx","E. Capoue","Watford",1.388543181093170512,1,23,0.0603714426562248048695652173913043478261
"b881arnahhahg0iaix4mx266t","R. Pereyra","Watford",3.066236290310447826,5,33,0.092916251221528722
"bb24pydi3hsy5uvqg9i09b1ed","C. Schindler","Huddersfield Town",0.905736695317050801,0,10,0.0905736695317050801
"9nq9bocnqq6bu8ho4m26qmkt1","S. Coleman","Everton",0.908863644071537505,0,5,0.181772728814307501
"z0btpgav68n4lqoht3ax3845","J. Tomkins","Crystal Palace",2.584449069021680667,3,23,0.1123673508270295942173913043478260869565
"am0ggkrw8rzw5shdvaceyr3kl","S. Vokes","Burnley",3.55613992472297986,4,33,0.1077618159006963593939393939393939393939
"dccxma9p13p00n0gi1cxk1nf9","M. Arnautoviƒá","West Ham United",8.687288431763181368,11,71,0.1223561750952560756056338028169014084507
"6tma6gvgf6xphc5gm2el35vbp","W. Ndidi","Leicester City",2.94337525679581064,0,41,0.0717896404096539180487804878048780487805
"12ekwo6gbza410blv4b4r7ydx","Son Heung-Min","Tottenham Hotspur",8.296963434665651454,12,75,0.11062617912887535272
"9w5o8b18ffu4qr4bdnfrk4ogl","A. Cresswell","West Ham United",0.937189185414481319,1,21,0.0446280564483086342380952380952380952381
"7h0gsxgvwctttg7n3r0uxcvrp","A. Gray","Watford",5.781331014691325863,5,34,0.1700391474909213489117647058823529411765
"bzummkjt2ya27kvolzmqn91wp","R. Nelson","Arsenal",0.124533208517081932,0,2,0.062266604258540966
"5nd6cn8jcmc5c6enbj7ddlcr9","Y. Bolasie","Everton",1.696907342338145023,1,19,0.0893109127546392117368421052631578947368
"c3wkdzkvjk3yuffgnnw42wrf9","Fernandinho","Manchester City",2.90921469159719877,5,47,0.0618981849275999738297872340425531914894
"d02p1ldr57bkxcpmq12vtvhsl","Pedro","Chelsea",4.338632938099221133,4,56,0.0774755881803432345178571428571428571429
"av0ok8e56osu0z8sxtlvvw9ud","W. Hoedt","Southampton",1.206097940938030392,0,15,0.0804065293958686928
"chsswmw4oqo88xp7wmhjvgdsl","V. Kompany","Manchester City",0.861224480723533737,1,9,0.0956916089692815263333333333333333333333
"9fcg5wz6no3f9mn7ch45g06hh","S. Boufal","Southampton",2.011518212332449339,2,30,0.0670506070777483113
"3uarn41m5l6szfj28d0hfaa51","T. Hemed","Brighton & Hove Albion",2.235103916438378881,2,17,0.1314767009669634635882352941176470588235
"c7mccelov1pa1yesyw6297u1h","C. Clark","Newcastle United",1.786524661345526266,2,11,0.1624113328495932969090909090909090909091
"6r4adhp9hu4ux7egwgd8j2thx","N. Redmond","Southampton",2.528041016829044285,1,44,0.0574554776552055519318181818181818181818
"2lkra7wic5b481l7qybjh8lx","A. Carrillo","Watford",2.103939347302631537,1,24,0.0876641394709429807083333333333333333333
"az7wa6km1zhvsb8y4mndlogyd","E. Dier","Tottenham Hotspur",1.999169078094744707,0,32,0.06247403369046077209375
"71nsfjudh8t9j6ms8yi2xa5sl","C. Daniels","AFC Bournemouth",0.97855366897000836,1,20,0.048927683448500418
"5ch5dk1z9opa2iwd64kb4e5sl","S. Ag√ºero","Manchester City",12.061735840927642471,17,90,0.1340192871214182496777777777777777777778
"80bmtj7l07ohb2h475w955n9","A. Smith","AFC Bournemouth",0.710550463756900167,1,13,0.0546577279813000128461538461538461538462
"c5a7z6vphv9tp9ddid5jnrnx1","N. Matiƒá","Manchester United",1.000899179955551912,1,18,0.0556055099975306617777777777777777777778
"38ofcw6ufii5608hus139lf4l","D. Janmaat","Watford",1.584294674166775521,3,24,0.066012278090282313375
"b9wew8z92aj36vvxfj3q7kxcl","L. Depoitre","Huddersfield Town",3.272367028139838116,6,25,0.13089468112559352464
"cri911368k72cmkx9gartxc5x","D. Drinkwater","Chelsea",0.275165040176757102,1,6,0.045860840029459517
"3xqbru6q5dvtrhv6coe7retp1","J. Milner","Liverpool",1.498049001724657387,0,21,0.0713356667487932089047619047619047619048
"8rfgwq7hbi4a3imda845vdyvp","M. Lemina","Southampton",1.187337336965337994,1,23,0.0516233624767538258260869565217391304348
"4k0ni039sbjs4sqipk4v7k79x","D. S√°nchez","Tottenham Hotspur",0.477626155127428844,0,9,0.0530695727919365382222222222222222222222
"8wd7wh93l9cldq7x0nbtul32t","J. Wilshere","Arsenal",1.368207340837619475,1,15,0.091213822722507965
"2wwo7wcxz4gfy0ubkzynvrsnp","S. March","Brighton & Hove Albion",1.747041580555777953,1,28,0.0623943421627063554642857142857142857143
"866gq5o77uyc651lpkrt6w3px","G. Carrillo","Southampton",1.104179681654822163,0,11,0.1003799710595292875454545454545454545455
"1xscywgyfqisqexmpfvbf9g45","H. Mkhitaryan","Manchester United",0.823411641695099322,1,15,0.0548941094463399548
"4l8kwjx02xaep34d743vwvx05","P. Jones","Manchester United",0.529774998336500083,0,2,0.2648874991682500415
"45zetxtrvjb3muvcrr9b5it3p","M. J√∏rgensen","Huddersfield Town",1.987853226324603363,0,13,0.1529117866403541048461538461538461538462
"6jgocc12bori2wygyu07c082x","D. Rice","West Ham United",0.302691657232483382,0,5,0.0605383314464966764
"x1qsrbva1nlv7nvmk2an19ed","Jes√©","Stoke City",0.971732763949636437,1,13,0.0747486741499720336153846153846153846154
"3gem1jrrkgye0omb88fk1lsk5","J. Stones","Manchester City",0.732225810057650415,0,11,0.0665659827325136740909090909090909090909
"3v6c5omsqug2bw3l8507fxbrp","T. Smith","Huddersfield Town",0.323584998459106276,0,8,0.0404481248073882845
"asyzhp3qu95vmzdbau6nmoic5","M. Darmian","Manchester United",0.044725230255949832,0,2,0.022362615127974916
"kvchpptoxgvcyiv358w9gtzp","J. Matip","Liverpool",2.176934896265460391,1,11,0.1979031723877691264545454545454545454545
"e211nih87ou9t8crzjbbzhexh","Jos√© Fonte","West Ham United",0.623881168252484262,0,8,0.07798514603156053275
"5ljs2bj3wwiurcyxiwka2i8d1","C. Kabasele","Watford",0.742965138405986997,2,10,0.0742965138405986997
"9fvo9v5e9r0ptibied6ejv3zd","S. McTominay","Manchester United",0.064349365117827712,0,1,0.064349365117827712
"b6rbjpzuq9vo9kdil1tlyl2ad","Roque Mesa","Swansea City",0.31440921214909192,0,7,0.04491560173558456
"2j8y06wuinnx87eetadj55zo5","N. Chadli","West Bromwich Albion",0.207402957235834094,1,4,0.0518507393089585235
"6akzpi6rd6qq0ke07ojnhpoet","A. S√∏rloth","Crystal Palace",0.462885746401563474,0,7,0.0661265352002233534285714285714285714286
"9q6c7nbjhgwp2yrelznmk1gb9","F. Delph","Manchester City",0.434663258015401653,1,10,0.0434663258015401653
"7goksqm8rew8chdswsx5cidhx","David Luiz","Chelsea",0.833838563877548228,1,11,0.0758035058070498389090909090909090909091
"a7bs2dkwmy1cjryql6z3n9kut","F. Coquelin","Arsenal",0.079610769920482966,0,1,0.079610769920482966
"57gg79gxvcfqtaoi0ruog7wmh","R. Holding","Arsenal",0.10306150849705725,0,1,0.10306150849705725
"8d04q3yp2kouwog0lj0s7ew2x","A. Lookman","Everton",0.147784521434630622,0,3,0.049261507144876874
